N1	25	F	PBYA673RT	AA2743LKJ9820
N2	30	F	PBYA432RT	AA2743LKJ9821
N3	35	M	PBYA899RT	AA2743LKJ9822
N4	26	F	PBYA123RT	AA2743LKJ9823
N5	34	M	PBYA673UI	AA2743LKJ9824
N6	40	M	PBYA673AS	AA2743LKJ9825
N7	29	M	PBYA673VB	AA2743LKJ9826
N8	31	F	PBYA673ZX	AA2743LKJ9827
N9	42	M	PBYA673JK	AA2743LKJ9828
N10	22	F	PBYA185RT	AA2743LKJ9829
N11	34	M	PBYA297RT	AA2743LKJ9830
N12	27	M	PBYA917RT	AA2743LKJ9831
N13	36	M	PSUR673RT	AA2743LKJ9832
N14	26	F	PNTU673RT	AA2743LKJ9833
N15	30	F	PSKT673RT	AA2743LKJ9834
N16	23	M	PQUR673RT	AA2743LKJ9835
N17	21	F	PBYA000RT	AA2743LKJ9836
N18	33	M	PBYA673NQ	AA2743LKJ9837
N19	38	M	PBYA673BA	AA2743LKJ9838
N20	24	M	PQIZ673RT	AA2743LKJ9839
